{"cameraMode":{"drawMode":0,"name":"Shaded","section":"Shading Mode"},"sceneLighting":true,"audioPlay":false,"sceneViewState":{"m_AlwaysRefresh":false,"showFog":true,"showSkybox":false,"showFlares":true,"showImageEffects":true,"showParticleSystems":true,"showVisualEffectGraphs":true,"m_FxEnabled":true},"in2DMode":false,"pivot":{"x":288.0176696777344,"y":527.227294921875,"z":-146.30044555664063},"rotation":{"x":-0.015599438920617104,"y":0.01049831137061119,"z":0.0001693416415946558,"w":0.9998320937156677},"size":83.45279693603516,"orthographic":false}