{"cameraMode":{"drawMode":0,"name":"Shaded","section":"Shading Mode"},"sceneLighting":true,"audioPlay":false,"sceneViewState":{"m_AlwaysRefresh":false,"showFog":true,"showSkybox":true,"showFlares":true,"showImageEffects":true,"showParticleSystems":true,"showVisualEffectGraphs":true,"m_FxEnabled":true},"in2DMode":false,"pivot":{"x":-15.363544464111329,"y":3.316932439804077,"z":11.320704460144043},"rotation":{"x":0.2085551619529724,"y":0.7702234983444214,"z":-0.31121549010276797,"w":0.5161510109901428},"size":1.0282249450683594,"orthographic":false}