{"cameraMode":{"drawMode":0,"name":"Shaded","section":"Shading Mode"},"sceneLighting":false,"audioPlay":false,"sceneViewState":{"m_AlwaysRefresh":false,"showFog":true,"showSkybox":false,"showFlares":true,"showImageEffects":true,"showParticleSystems":true,"showVisualEffectGraphs":true,"m_FxEnabled":true},"in2DMode":false,"pivot":{"x":0.19632816314697267,"y":-0.0013866424560546876,"z":6.239999771118164},"rotation":{"x":0.12445054948329926,"y":-0.5545482635498047,"z":0.08432086557149887,"w":0.8184599280357361},"size":1.0462123155593873,"orthographic":true}